<?xml version="1.0" encoding="UTF-8" ?>
<!DOCTYPE mapper
  PUBLIC "-//mybatis.org//DTD Mapper 3.0//EN"
  "http://mybatis.org/dtd/mybatis-3-mapper.dtd">

<mapper namespace="org.zerock.mapper.BoardMapper">
   <select id="getList" resultType="org.zerock.domain.BoardVO">
      select * from tbl_board where
      bno>0
   </select>

   <select id="read" resultType="org.zerock.domain.BoardVO">
      select * from tbl_board where bno =
      #{bno}
   </select>

   <delete id="delete">
      delete from tbl_board where bno=#{bno}
   </delete>

   <insert id="insert">
      insert into TBL_BOARD(bno, title, content, writer)
      values(seq_board.nextval,
      #{title}, #{content}, #{writer})
   </insert>

   <insert id="insertSelectKey">

      <selectKey keyProperty="bno" order="BEFORE"
         resultType="long">
         select seq_board.nextval from dual
      </selectKey>

      insert into TBL_BOARD(bno, title, content, writer)
      values(#{bno},
      #{title}, #{content}, #{writer})
   </insert>

   <update id="update">
      update tbl_board
      set title=#{title},
      content =
      #{content},
      writer = #{writer},
      updatedate = sysdate
      where bno = #{bno}
   </update>

   <select id="getListWithPagging" resultType="org.zerock.domain.BoardVO">
      <![CDATA[
         select bno, title, content, writer, regdate, updatedate
      from(
         select /*+ index_desc(tbl_board pk_board) */
         rownum rn, bno, title, content, writer, regdate, updatedate
         from tbl_board
         where ROWNUM <= #{pageNum}*#{amount}
      )
      where rn > (#{pageNum}-1)*#{amount}
      ]]>
   </select>

</mapper>